type,plant,width
control,1,12.10966057
15min,1,11.5770235
control,2,11.60835509
15min,2,10.90339426
control,3,9.446475196
15min,3,12.09399478
control,4,9.697127937
15min,4,11.01305483
control,5,10.84073107
15min,5,11.48302872
control,6,10.74673629
15min,6,7.221932115
control,7,10.60574413
15min,7,7.973890339
control,8,11.78067885
15min,8,7.080939948
control,9,11.60835509
15min,9,8.772845953
control,10,11.68668407
15min,10,9.838120104
control,11,11.87467363
15min,11,11.63968668
